{"cameraMode":{"drawMode":0,"name":"Shaded","section":"Shading Mode"},"sceneLighting":true,"audioPlay":false,"sceneViewState":{"showFog":true,"showMaterialUpdate":false,"showSkybox":true,"showFlares":true,"showImageEffects":true,"showParticleSystems":true},"in2DMode":false,"pivot":{"x":-12.089116096496582,"y":7.955641269683838,"z":3.4612181186676027},"rotation":{"x":-0.044189952313899997,"y":0.9433498382568359,"z":-0.13997450470924378,"w":-0.2977082133293152},"size":6.084897994995117,"orthographic":false}