{"cameraMode":{"drawMode":0,"name":"Shaded","section":"Shading Mode"},"sceneLighting":true,"audioPlay":false,"sceneViewState":{"showFog":true,"showMaterialUpdate":false,"showSkybox":true,"showFlares":true,"showImageEffects":true,"showParticleSystems":true},"in2DMode":false,"pivot":{"x":-15.184000968933106,"y":6.136253356933594,"z":-1.16103196144104},"rotation":{"x":0.18515357375144959,"y":-0.43739908933639529,"z":0.09254267811775208,"w":0.875120997428894},"size":3.26491379737854,"orthographic":false}